surface	page	width_pt	height_pt	scenario	name	capture_variant	pdf_qa_state	unmatched_segment	visual_inspection
web	1	1800.0	800.0	Q01	게스트 홈	top	비교 가능	no	inspected-via-contact-sheet
web	2	1800.0	800.0	Q01	게스트 홈	bottom	비교 가능	no	inspected-via-contact-sheet
web	3	1800.0	800.0	Q01	게스트 홈	scroll-700px	비교 가능	no	inspected-via-contact-sheet
web	4	1800.0	800.0	Q01	게스트 홈	scroll-1400px	비교 가능	no	inspected-via-contact-sheet
web	5	1800.0	800.0	Q01	게스트 홈	scroll-2100px	비교 가능	no	inspected-via-contact-sheet
web	6	1800.0	800.0	Q01	게스트 홈	scroll-2800px	비교 가능	no	inspected-via-contact-sheet
web	7	1800.0	800.0	Q01	게스트 홈	scroll-3500px	비교 가능	no	inspected-via-contact-sheet
web	8	1800.0	800.0	Q02	로그인 홈	top	QA 상태 미재현	no	inspected-via-contact-sheet
web	9	1800.0	800.0	Q02	로그인 홈	bottom	QA 상태 미재현	no	inspected-via-contact-sheet
web	10	1800.0	800.0	Q02	로그인 홈	scroll-1000px	QA 상태 미재현	yes	inspected-via-contact-sheet
web	11	1800.0	800.0	Q02	로그인 홈	scroll-2000px	QA 상태 미재현	yes	inspected-via-contact-sheet
web	12	1800.0	800.0	Q02	로그인 홈	scroll-3000px	QA 상태 미재현	yes	inspected-via-contact-sheet
web	13	1800.0	800.0	Q02	로그인 홈	scroll-4000px	QA 상태 미재현	yes	inspected-via-contact-sheet
web	14	1800.0	800.0	Q03	질문 시트(빠진 정보 묻기)	top	QA 상태 미재현	no	inspected-via-contact-sheet
web	15	1800.0	800.0	Q03	질문 시트(빠진 정보 묻기)	bottom	QA 상태 미재현	no	inspected-via-contact-sheet
web	16	1800.0	800.0	Q04	전략 카드	top	QA 상태 미재현	no	inspected-via-contact-sheet
web	17	1800.0	800.0	Q04	전략 카드	bottom	QA 상태 미재현	no	inspected-via-contact-sheet
web	18	1800.0	800.0	Q05	전략 카드(검증에서 뺀 조건)	top	QA 상태 미재현	no	inspected-via-contact-sheet
web	19	1800.0	800.0	Q05	전략 카드(검증에서 뺀 조건)	bottom	QA 상태 미재현	no	inspected-via-contact-sheet
web	20	1800.0	800.0	Q06	예약 카드(예약 전)	top	QA 상태 미재현	no	inspected-via-contact-sheet
web	21	1800.0	800.0	Q06	예약 카드(예약 전)	bottom	QA 상태 미재현	no	inspected-via-contact-sheet
web	22	1800.0	800.0	Q07	예약 카드(조건 대기)	top	QA 상태 미재현	no	inspected-via-contact-sheet
web	23	1800.0	800.0	Q07	예약 카드(조건 대기)	bottom	QA 상태 미재현	no	inspected-via-contact-sheet
web	24	1800.0	800.0	Q08	예약 카드(롱 3배, 취소됨)	top	QA 상태 미재현	no	inspected-via-contact-sheet
web	25	1800.0	800.0	Q08	예약 카드(롱 3배, 취소됨)	bottom	QA 상태 미재현	no	inspected-via-contact-sheet
web	26	1800.0	800.0	Q09	사용량 80% 배너(닫을 수 있음)	top	QA 상태 미재현	no	inspected-via-contact-sheet
web	27	1800.0	800.0	Q09	사용량 80% 배너(닫을 수 있음)	bottom	QA 상태 미재현	no	inspected-via-contact-sheet
web	28	1800.0	800.0	Q10	사용량 100%(초대 계정, 카드 등록)	top	QA 상태 미재현	no	inspected-via-contact-sheet
web	29	1800.0	800.0	Q10	사용량 100%(초대 계정, 카드 등록)	bottom	QA 상태 미재현	no	inspected-via-contact-sheet
web	30	1800.0	800.0	Q11	사용량 100%(구독만, 초대 계정 연결)	top	QA 상태 미재현	no	inspected-via-contact-sheet
web	31	1800.0	800.0	Q11	사용량 100%(구독만, 초대 계정 연결)	bottom	QA 상태 미재현	no	inspected-via-contact-sheet
web	32	1800.0	800.0	Q12	목록	top	비교 가능	no	inspected-via-contact-sheet
web	33	1800.0	800.0	Q12	목록	bottom	비교 가능	no	inspected-via-contact-sheet
web	34	1800.0	800.0	Q12	목록	scroll-700px	비교 가능	no	inspected-via-contact-sheet
web	35	1800.0	800.0	Q13	목록(내 거래소 하나 연결)	top	QA 상태 미재현	no	inspected-via-contact-sheet
web	36	1800.0	800.0	Q13	목록(내 거래소 하나 연결)	bottom	QA 상태 미재현	no	inspected-via-contact-sheet
web	37	1800.0	800.0	Q13	목록(내 거래소 하나 연결)	scroll-1000px	QA 상태 미재현	yes	inspected-via-contact-sheet
web	38	1800.0	800.0	Q13	목록(내 거래소 하나 연결)	scroll-2000px	QA 상태 미재현	yes	inspected-via-contact-sheet
web	39	1800.0	800.0	Q14	목록(내 거래소 둘 연결)	top	QA 상태 미재현	no	inspected-via-contact-sheet
web	40	1800.0	800.0	Q14	목록(내 거래소 둘 연결)	bottom	QA 상태 미재현	no	inspected-via-contact-sheet
web	41	1800.0	800.0	Q14	목록(내 거래소 둘 연결)	scroll-1000px	QA 상태 미재현	yes	inspected-via-contact-sheet
web	42	1800.0	800.0	Q14	목록(내 거래소 둘 연결)	scroll-2000px	QA 상태 미재현	yes	inspected-via-contact-sheet
web	43	1800.0	800.0	Q15	상세 개요	top	비교 가능	no	inspected-via-contact-sheet
web	44	1800.0	800.0	Q15	상세 개요	bottom	비교 가능	no	inspected-via-contact-sheet
web	45	1800.0	800.0	Q15	상세 개요	scroll-1000px	비교 가능	yes	inspected-via-contact-sheet
web	46	1800.0	800.0	Q15	상세 개요	scroll-2000px	비교 가능	yes	inspected-via-contact-sheet
web	47	1800.0	800.0	Q15	상세 개요	scroll-3000px	비교 가능	yes	inspected-via-contact-sheet
web	48	1800.0	800.0	Q16	상세 전략 정보 탭	top	비교 가능	no	inspected-via-contact-sheet
web	49	1800.0	800.0	Q16	상세 전략 정보 탭	bottom	비교 가능	no	inspected-via-contact-sheet
web	50	1800.0	800.0	Q16	상세 전략 정보 탭	scroll-1000px	비교 가능	yes	inspected-via-contact-sheet
web	51	1800.0	800.0	Q17	복사 창(연결됨)	top	QA 상태 미재현	no	inspected-via-contact-sheet
web	52	1800.0	800.0	Q17	복사 창(연결됨)	bottom	QA 상태 미재현	no	inspected-via-contact-sheet
web	53	1800.0	800.0	Q17	복사 창(연결됨)	scroll-1000px	QA 상태 미재현	yes	inspected-via-contact-sheet
web	54	1800.0	800.0	Q17	복사 창(연결됨)	scroll-2000px	QA 상태 미재현	yes	inspected-via-contact-sheet
web	55	1800.0	800.0	Q17	복사 창(연결됨)	scroll-3000px	QA 상태 미재현	yes	inspected-via-contact-sheet
web	56	1800.0	800.0	Q18	복사 창 대신 플랜(미연결)	top	QA 상태 미재현	no	inspected-via-contact-sheet
web	57	1800.0	800.0	Q18	복사 창 대신 플랜(미연결)	bottom	QA 상태 미재현	no	inspected-via-contact-sheet
web	58	1800.0	800.0	Q18	복사 창 대신 플랜(미연결)	scroll-1000px	QA 상태 미재현	yes	inspected-via-contact-sheet
web	59	1800.0	800.0	Q19	복사한 전략 상세(진입 대기)	top	QA 상태 미재현	no	inspected-via-contact-sheet
web	60	1800.0	800.0	Q19	복사한 전략 상세(진입 대기)	bottom	QA 상태 미재현	no	inspected-via-contact-sheet
web	61	1800.0	800.0	Q19	복사한 전략 상세(진입 대기)	scroll-1000px	QA 상태 미재현	yes	inspected-via-contact-sheet
web	62	1800.0	800.0	Q20	복사한 전략 상세(포지션 있음)	top	QA 상태 미재현	no	inspected-via-contact-sheet
web	63	1800.0	800.0	Q20	복사한 전략 상세(포지션 있음)	bottom	QA 상태 미재현	no	inspected-via-contact-sheet
web	64	1800.0	800.0	Q20	복사한 전략 상세(포지션 있음)	scroll-1000px	QA 상태 미재현	yes	inspected-via-contact-sheet
web	65	1800.0	800.0	Q20	복사한 전략 상세(포지션 있음)	scroll-2000px	QA 상태 미재현	yes	inspected-via-contact-sheet
web	66	1800.0	800.0	Q21	복사한 전략 상세(청산 이력)	top	QA 상태 미재현	no	inspected-via-contact-sheet
web	67	1800.0	800.0	Q21	복사한 전략 상세(청산 이력)	bottom	QA 상태 미재현	no	inspected-via-contact-sheet
web	68	1800.0	800.0	Q21	복사한 전략 상세(청산 이력)	scroll-1000px	QA 상태 미재현	yes	inspected-via-contact-sheet
web	69	1800.0	800.0	Q21	복사한 전략 상세(청산 이력)	scroll-2000px	QA 상태 미재현	yes	inspected-via-contact-sheet
web	70	1800.0	800.0	Q22	복사한 전략 상세(자금 이동)	top	QA 상태 미재현	no	inspected-via-contact-sheet
web	71	1800.0	800.0	Q22	복사한 전략 상세(자금 이동)	bottom	QA 상태 미재현	no	inspected-via-contact-sheet
web	72	1800.0	800.0	Q22	복사한 전략 상세(자금 이동)	scroll-1000px	QA 상태 미재현	yes	inspected-via-contact-sheet
web	73	1800.0	800.0	Q22	복사한 전략 상세(자금 이동)	scroll-2000px	QA 상태 미재현	yes	inspected-via-contact-sheet
web	74	1800.0	800.0	Q23	돌리기 전	top	비교 가능	no	inspected-via-contact-sheet
web	75	1800.0	800.0	Q23	돌리기 전	bottom	비교 가능	no	inspected-via-contact-sheet
web	76	1800.0	800.0	Q24	도는 중	top	QA 상태 미재현	no	inspected-via-contact-sheet
web	77	1800.0	800.0	Q24	도는 중	bottom	QA 상태 미재현	no	inspected-via-contact-sheet
web	78	1800.0	800.0	Q25	결과(좋음)	top	QA 상태 미재현	no	inspected-via-contact-sheet
web	79	1800.0	800.0	Q25	결과(좋음)	bottom	QA 상태 미재현	no	inspected-via-contact-sheet
web	80	1800.0	800.0	Q26	결과(나쁨, 공개 전략)	top	QA 상태 미재현	no	inspected-via-contact-sheet
web	81	1800.0	800.0	Q26	결과(나쁨, 공개 전략)	bottom	QA 상태 미재현	no	inspected-via-contact-sheet
web	82	1800.0	800.0	Q27	결과(나쁨, 내 전략, 규칙 수정하기)	top	QA 상태 미재현	no	inspected-via-contact-sheet
web	83	1800.0	800.0	Q27	결과(나쁨, 내 전략, 규칙 수정하기)	bottom	QA 상태 미재현	no	inspected-via-contact-sheet
web	84	1800.0	800.0	Q28	게스트	top	비교 가능	no	inspected-via-contact-sheet
web	85	1800.0	800.0	Q28	게스트	bottom	비교 가능	no	inspected-via-contact-sheet
web	86	1800.0	800.0	Q28	게스트	scroll-700px	비교 가능	no	inspected-via-contact-sheet
web	87	1800.0	800.0	Q28	게스트	scroll-1400px	비교 가능	no	inspected-via-contact-sheet
web	88	1800.0	800.0	Q28	게스트	scroll-2100px	비교 가능	no	inspected-via-contact-sheet
web	89	1800.0	800.0	Q28	게스트	scroll-2800px	비교 가능	no	inspected-via-contact-sheet
web	90	1800.0	800.0	Q29	로그인, 거래소 미연결	top	QA 상태 미재현	no	inspected-via-contact-sheet
web	91	1800.0	800.0	Q29	로그인, 거래소 미연결	bottom	QA 상태 미재현	no	inspected-via-contact-sheet
web	92	1800.0	800.0	Q29	로그인, 거래소 미연결	scroll-1000px	QA 상태 미재현	yes	inspected-via-contact-sheet
web	93	1800.0	800.0	Q29	로그인, 거래소 미연결	scroll-2000px	QA 상태 미재현	yes	inspected-via-contact-sheet
web	94	1800.0	800.0	Q29	로그인, 거래소 미연결	scroll-3000px	QA 상태 미재현	yes	inspected-via-contact-sheet
web	95	1800.0	800.0	Q30	연결, 전략 없음	top	QA 상태 미재현	no	inspected-via-contact-sheet
web	96	1800.0	800.0	Q30	연결, 전략 없음	bottom	QA 상태 미재현	no	inspected-via-contact-sheet
web	97	1800.0	800.0	Q31	복사한 전략만	top	QA 상태 미재현	no	inspected-via-contact-sheet
web	98	1800.0	800.0	Q31	복사한 전략만	bottom	QA 상태 미재현	no	inspected-via-contact-sheet
web	99	1800.0	800.0	Q32	전략 있음, 포지션 있음	top	QA 상태 미재현	no	inspected-via-contact-sheet
web	100	1800.0	800.0	Q32	전략 있음, 포지션 있음	bottom	QA 상태 미재현	no	inspected-via-contact-sheet
web	101	1800.0	800.0	Q33	전략 있음, 포지션 없음	top	QA 상태 미재현	no	inspected-via-contact-sheet
web	102	1800.0	800.0	Q33	전략 있음, 포지션 없음	bottom	QA 상태 미재현	no	inspected-via-contact-sheet
web	103	1800.0	800.0	Q34	전략 오류	top	QA 상태 미재현	no	inspected-via-contact-sheet
web	104	1800.0	800.0	Q34	전략 오류	bottom	QA 상태 미재현	no	inspected-via-contact-sheet
web	105	1800.0	800.0	Q35	예약 주문 대기(미체결 주문)	top	QA 상태 미재현	no	inspected-via-contact-sheet
web	106	1800.0	800.0	Q35	예약 주문 대기(미체결 주문)	bottom	QA 상태 미재현	no	inspected-via-contact-sheet
web	107	1800.0	800.0	Q36	복사한 전략, 포지션 있음	top	QA 상태 미재현	no	inspected-via-contact-sheet
web	108	1800.0	800.0	Q36	복사한 전략, 포지션 있음	bottom	QA 상태 미재현	no	inspected-via-contact-sheet
web	109	1800.0	800.0	Q37	복사한 AI 전략(여러 종목)	top	QA 상태 미재현	no	inspected-via-contact-sheet
web	110	1800.0	800.0	Q37	복사한 AI 전략(여러 종목)	bottom	QA 상태 미재현	no	inspected-via-contact-sheet
web	111	1800.0	800.0	Q38	복사한 혼합 전략	top	QA 상태 미재현	no	inspected-via-contact-sheet
web	112	1800.0	800.0	Q38	복사한 혼합 전략	bottom	QA 상태 미재현	no	inspected-via-contact-sheet
web	113	1800.0	800.0	Q39	복사한 전략 둘(AI와 규칙)	top	QA 상태 미재현	no	inspected-via-contact-sheet
web	114	1800.0	800.0	Q39	복사한 전략 둘(AI와 규칙)	bottom	QA 상태 미재현	no	inspected-via-contact-sheet
web	115	1800.0	800.0	Q40	플랜(무료 초대 계정 / 구독)	top	QA 상태 미재현	no	inspected-via-contact-sheet
web	116	1800.0	800.0	Q40	플랜(무료 초대 계정 / 구독)	bottom	QA 상태 미재현	no	inspected-via-contact-sheet
web	117	1800.0	800.0	Q40	플랜(무료 초대 계정 / 구독)	scroll-1000px	QA 상태 미재현	yes	inspected-via-contact-sheet
web	118	1800.0	800.0	Q41	거래소 선택	top	QA 상태 미재현	no	inspected-via-contact-sheet
web	119	1800.0	800.0	Q41	거래소 선택	bottom	QA 상태 미재현	no	inspected-via-contact-sheet
web	120	1800.0	800.0	Q42	계정(가입 안내)	top	QA 상태 미재현	no	inspected-via-contact-sheet
web	121	1800.0	800.0	Q42	계정(가입 안내)	bottom	QA 상태 미재현	no	inspected-via-contact-sheet
web	122	1800.0	800.0	Q43	가입한 계정 연결	top	QA 상태 미재현	no	inspected-via-contact-sheet
web	123	1800.0	800.0	Q43	가입한 계정 연결	bottom	QA 상태 미재현	no	inspected-via-contact-sheet
web	124	1800.0	800.0	Q44	승인 화면	top	QA 상태 미재현	no	inspected-via-contact-sheet
web	125	1800.0	800.0	Q44	승인 화면	bottom	QA 상태 미재현	no	inspected-via-contact-sheet
web	126	1800.0	800.0	Q45	연결 확인 중	top	QA 상태 미재현	no	inspected-via-contact-sheet
web	127	1800.0	800.0	Q45	연결 확인 중	bottom	QA 상태 미재현	no	inspected-via-contact-sheet
web	128	1800.0	800.0	Q46	구독 결제	top	QA 상태 미재현	no	inspected-via-contact-sheet
web	129	1800.0	800.0	Q46	구독 결제	bottom	QA 상태 미재현	no	inspected-via-contact-sheet
web	130	1800.0	800.0	Q47	연결된 계정 목록	top	QA 상태 미재현	no	inspected-via-contact-sheet
web	131	1800.0	800.0	Q47	연결된 계정 목록	bottom	QA 상태 미재현	no	inspected-via-contact-sheet
web	132	1800.0	800.0	Q48	일반	top	로그인 필요	no	inspected-via-contact-sheet
web	133	1800.0	800.0	Q49	계정	top	로그인 필요	no	inspected-via-contact-sheet
web	134	1800.0	800.0	Q50	알림	top	로그인 필요	no	inspected-via-contact-sheet
web	135	1800.0	800.0	Q51	결제(이용 방식 없음)	top	로그인 필요	no	inspected-via-contact-sheet
web	136	1800.0	800.0	Q52	결제(초대 계정)	top	로그인 필요	no	inspected-via-contact-sheet
web	137	1800.0	800.0	Q53	결제(구독)	top	로그인 필요	no	inspected-via-contact-sheet
web	138	1800.0	800.0	Q53	결제(구독)	bottom	로그인 필요	no	inspected-via-contact-sheet
web	139	1800.0	800.0	Q53	결제(구독)	scroll-1000px	로그인 필요	yes	inspected-via-contact-sheet
web	140	1800.0	800.0	Q53	결제(구독)	scroll-2000px	로그인 필요	yes	inspected-via-contact-sheet
web	141	1800.0	800.0	Q53	결제(구독)	scroll-3000px	로그인 필요	yes	inspected-via-contact-sheet
web	142	1800.0	800.0	Q53	결제(구독)	scroll-4000px	로그인 필요	yes	inspected-via-contact-sheet
web	143	1800.0	800.0	Q54	결제(구독과 초대 계정, 크레딧 차감)	top	로그인 필요	no	inspected-via-contact-sheet
web	144	1800.0	800.0	Q55	결제(구독 해지됨)	top	로그인 필요	no	inspected-via-contact-sheet
web	145	1800.0	800.0	Q56	결제(결제 실패)	top	로그인 필요	no	inspected-via-contact-sheet
web	146	1800.0	800.0	Q57	사용량 20%	top	로그인 필요	no	inspected-via-contact-sheet
web	147	1800.0	800.0	Q58	사용량 85%	top	로그인 필요	no	inspected-via-contact-sheet
web	148	1800.0	800.0	Q59	사용량 100%	top	로그인 필요	no	inspected-via-contact-sheet
web	149	1800.0	800.0	Q59	사용량 100%	bottom	로그인 필요	no	inspected-via-contact-sheet
web	150	1800.0	800.0	Q59	사용량 100%	scroll-1000px	로그인 필요	yes	inspected-via-contact-sheet
web	151	1800.0	800.0	Q59	사용량 100%	scroll-2000px	로그인 필요	yes	inspected-via-contact-sheet
web	152	1800.0	800.0	Q59	사용량 100%	scroll-3000px	로그인 필요	yes	inspected-via-contact-sheet
web	153	1800.0	800.0	Q59	사용량 100%	scroll-4000px	로그인 필요	yes	inspected-via-contact-sheet
web	154	1800.0	800.0	Q60	보안	top	로그인 필요	no	inspected-via-contact-sheet
web	155	1800.0	800.0	Q61	비어 있음	top	QA 상태 미재현	no	inspected-via-contact-sheet
web	156	1800.0	800.0	Q61	비어 있음	bottom	QA 상태 미재현	no	inspected-via-contact-sheet
web	157	1800.0	800.0	Q62	기록 있음	top	QA 상태 미재현	no	inspected-via-contact-sheet
web	158	1800.0	800.0	Q62	기록 있음	bottom	QA 상태 미재현	no	inspected-via-contact-sheet
web	159	1800.0	800.0	A01	① 게스트	top	로그인 필요	no	inspected-via-contact-sheet
web	160	1800.0	800.0	A01	① 게스트	bottom	로그인 필요	no	inspected-via-contact-sheet
web	161	1800.0	800.0	A01	① 게스트	scroll-1000px	로그인 필요	yes	inspected-via-contact-sheet
web	162	1800.0	800.0	A01	① 게스트	scroll-2000px	로그인 필요	yes	inspected-via-contact-sheet
web	163	1800.0	800.0	A01	① 게스트	scroll-3000px	로그인 필요	yes	inspected-via-contact-sheet
web	164	1800.0	800.0	A01	① 게스트	scroll-4000px	로그인 필요	yes	inspected-via-contact-sheet
web	165	1800.0	800.0	A02	② 로그인만	top	로그인 필요	no	inspected-via-contact-sheet
web	166	1800.0	800.0	A03	③ 연결, 거래 0	top	로그인 필요	no	inspected-via-contact-sheet
web	167	1800.0	800.0	A04	④ 연결, 저거래	top	로그인 필요	no	inspected-via-contact-sheet
web	168	1800.0	800.0	A05	⑤ 연결, 고거래	top	로그인 필요	no	inspected-via-contact-sheet
web	169	1800.0	800.0	A06	⑥ 카드, AI 많이, 미연결	top	로그인 필요	no	inspected-via-contact-sheet
web	170	1800.0	800.0	A07	⑦ 카드, AI 적게, 미연결	top	로그인 필요	no	inspected-via-contact-sheet
web	171	1800.0	800.0	A08	⑧ 카드, 연결, AI 많이, 고거래	top	로그인 필요	no	inspected-via-contact-sheet
web	172	1800.0	800.0	A09	⑨ 카드, 연결, AI 많이, 저거래	top	로그인 필요	no	inspected-via-contact-sheet
web	173	1800.0	800.0	A09	⑨ 카드, 연결, AI 많이, 저거래	bottom	로그인 필요	no	inspected-via-contact-sheet
web	174	1800.0	800.0	A09	⑨ 카드, 연결, AI 많이, 저거래	scroll-1000px	로그인 필요	yes	inspected-via-contact-sheet
web	175	1800.0	800.0	A09	⑨ 카드, 연결, AI 많이, 저거래	scroll-2000px	로그인 필요	yes	inspected-via-contact-sheet
web	176	1800.0	800.0	A09	⑨ 카드, 연결, AI 많이, 저거래	scroll-3000px	로그인 필요	yes	inspected-via-contact-sheet
web	177	1800.0	800.0	A09	⑨ 카드, 연결, AI 많이, 저거래	scroll-4000px	로그인 필요	yes	inspected-via-contact-sheet
web	178	1800.0	800.0	A10	⑩ 카드, 연결, AI 적게, 고거래	top	로그인 필요	no	inspected-via-contact-sheet
web	179	1800.0	800.0	A11	⑪ 카드, 연결, AI 적게, 저거래	top	로그인 필요	no	inspected-via-contact-sheet
web	180	1800.0	800.0	A11	⑪ 카드, 연결, AI 적게, 저거래	bottom	로그인 필요	no	inspected-via-contact-sheet
web	181	1800.0	800.0	A11	⑪ 카드, 연결, AI 적게, 저거래	scroll-1000px	로그인 필요	yes	inspected-via-contact-sheet
web	182	1800.0	800.0	A11	⑪ 카드, 연결, AI 적게, 저거래	scroll-2000px	로그인 필요	yes	inspected-via-contact-sheet
web	183	1800.0	800.0	A11	⑪ 카드, 연결, AI 적게, 저거래	scroll-3000px	로그인 필요	yes	inspected-via-contact-sheet
web	184	1800.0	800.0	A11	⑪ 카드, 연결, AI 적게, 저거래	scroll-4000px	로그인 필요	yes	inspected-via-contact-sheet
web	185	1800.0	800.0	A12	⑫ 초대 회원, Bitget 1곳	top	로그인 필요	no	inspected-via-contact-sheet
web	186	1800.0	800.0	A13	⑬ 구독 회원, Bybit, 카드와 결제 내역	top	로그인 필요	no	inspected-via-contact-sheet
web	187	1800.0	800.0	A14	⑭ 두 곳 연결(Bitget 초대 + OKX 구독), 2단계 인증, 기기 2대	top	로그인 필요	no	inspected-via-contact-sheet
web	188	1800.0	800.0	A15	⑮ 구독 만료, 카드 있음	top	로그인 필요	no	inspected-via-contact-sheet
web	189	1800.0	800.0	P01	정보	top	비교 가능	no	inspected-via-contact-sheet
web	190	1800.0	800.0	P01	정보	bottom	비교 가능	no	inspected-via-contact-sheet
web	191	1800.0	800.0	P01	정보	scroll-1000px	비교 가능	no	inspected-via-contact-sheet
web	192	1800.0	800.0	P01	정보	scroll-2000px	비교 가능	no	inspected-via-contact-sheet
web	193	1800.0	800.0	P01	정보	scroll-3000px	비교 가능	no	inspected-via-contact-sheet
web	194	1800.0	800.0	P01	정보	scroll-4000px	비교 가능	no	inspected-via-contact-sheet
web	195	1800.0	800.0	P01	정보	scroll-5000px	비교 가능	no	inspected-via-contact-sheet
web	196	1800.0	800.0	P01	정보	scroll-6000px	비교 가능	no	inspected-via-contact-sheet
web	197	1800.0	800.0	P02	앱 다운로드	top	비교 가능	no	inspected-via-contact-sheet
web	198	1800.0	800.0	P02	앱 다운로드	bottom	비교 가능	no	inspected-via-contact-sheet
web	199	1800.0	800.0	P02	앱 다운로드	scroll-1000px	비교 가능	no	inspected-via-contact-sheet
web	200	1800.0	800.0	P03	서비스 약관	top	비교 가능	no	inspected-via-contact-sheet
web	201	1800.0	800.0	P03	서비스 약관	bottom	비교 가능	no	inspected-via-contact-sheet
web	202	1800.0	800.0	P03	서비스 약관	scroll-1000px	비교 가능	no	inspected-via-contact-sheet
web	203	1800.0	800.0	P03	서비스 약관	scroll-2000px	비교 가능	no	inspected-via-contact-sheet
web	204	1800.0	800.0	P03	서비스 약관	scroll-3000px	비교 가능	no	inspected-via-contact-sheet
web	205	1800.0	800.0	P04	개인정보처리방침	top	비교 가능	no	inspected-via-contact-sheet
web	206	1800.0	800.0	P04	개인정보처리방침	bottom	비교 가능	no	inspected-via-contact-sheet
web	207	1800.0	800.0	P04	개인정보처리방침	scroll-1000px	비교 가능	no	inspected-via-contact-sheet
web	208	1800.0	800.0	P04	개인정보처리방침	scroll-2000px	비교 가능	no	inspected-via-contact-sheet
web	209	1800.0	800.0	P04	개인정보처리방침	scroll-3000px	비교 가능	no	inspected-via-contact-sheet
web	210	1800.0	800.0	X01	인사이트 홈	top	비교 가능	no	inspected-via-contact-sheet
web	211	1800.0	800.0	X01	인사이트 홈	bottom	비교 가능	no	inspected-via-contact-sheet
web	212	1800.0	800.0	X01	인사이트 홈	scroll-1000px	비교 가능	yes	inspected-via-contact-sheet
web	213	1800.0	800.0	X01	인사이트 홈	scroll-2000px	비교 가능	yes	inspected-via-contact-sheet
web	214	1800.0	800.0	X01	인사이트 홈	scroll-3000px	비교 가능	yes	inspected-via-contact-sheet
web	215	1800.0	800.0	X02	인사이트 트렌딩	top	비교 가능	no	inspected-via-contact-sheet
web	216	1800.0	800.0	X02	인사이트 트렌딩	bottom	비교 가능	no	inspected-via-contact-sheet
web	217	1800.0	800.0	X02	인사이트 트렌딩	scroll-1000px	비교 가능	yes	inspected-via-contact-sheet
web	218	1800.0	800.0	X02	인사이트 트렌딩	scroll-2000px	비교 가능	yes	inspected-via-contact-sheet
web	219	1800.0	800.0	X02	인사이트 트렌딩	scroll-3000px	비교 가능	yes	inspected-via-contact-sheet
web	220	1800.0	800.0	X03	도움말	top	비교 가능	no	inspected-via-contact-sheet
web	221	1800.0	800.0	X04	로그인 창	top	비교 가능	no	inspected-via-contact-sheet
web	222	1800.0	800.0	X05	언어·통화 선택	top	비교 가능	no	inspected-via-contact-sheet
mobile	1	900.0	1100.0	Q01	게스트 홈	top	비교 가능	no	inspected-via-contact-sheet
mobile	2	900.0	1100.0	Q01	게스트 홈	bottom	비교 가능	no	inspected-via-contact-sheet
mobile	3	900.0	1100.0	Q01	게스트 홈	scroll-590px	비교 가능	no	inspected-via-contact-sheet
mobile	4	900.0	1100.0	Q01	게스트 홈	scroll-1180px	비교 가능	no	inspected-via-contact-sheet
mobile	5	900.0	1100.0	Q01	게스트 홈	scroll-1770px	비교 가능	no	inspected-via-contact-sheet
mobile	6	900.0	1100.0	Q01	게스트 홈	scroll-2360px	비교 가능	no	inspected-via-contact-sheet
mobile	7	900.0	1100.0	Q01	게스트 홈	scroll-2950px	비교 가능	no	inspected-via-contact-sheet
mobile	8	900.0	1100.0	Q01	게스트 홈	scroll-3540px	비교 가능	no	inspected-via-contact-sheet
mobile	9	900.0	1100.0	Q01	게스트 홈	scroll-4130px	비교 가능	no	inspected-via-contact-sheet
mobile	10	900.0	1100.0	Q01	게스트 홈	scroll-4720px	비교 가능	no	inspected-via-contact-sheet
mobile	11	900.0	1100.0	Q01	게스트 홈	scroll-5310px	비교 가능	no	inspected-via-contact-sheet
mobile	12	900.0	1100.0	Q01	게스트 홈	scroll-5900px	비교 가능	no	inspected-via-contact-sheet
mobile	13	900.0	1100.0	Q01	게스트 홈	scroll-6490px	비교 가능	no	inspected-via-contact-sheet
mobile	14	900.0	1100.0	Q01	게스트 홈	scroll-7080px	비교 가능	no	inspected-via-contact-sheet
mobile	15	900.0	1100.0	Q01	게스트 홈	scroll-7670px	비교 가능	no	inspected-via-contact-sheet
mobile	16	900.0	1100.0	Q01	게스트 홈	scroll-8260px	비교 가능	no	inspected-via-contact-sheet
mobile	17	900.0	1100.0	Q01	게스트 홈	scroll-8850px	비교 가능	no	inspected-via-contact-sheet
mobile	18	900.0	1100.0	Q01	게스트 홈	scroll-9440px	비교 가능	no	inspected-via-contact-sheet
mobile	19	900.0	1100.0	Q01	게스트 홈	scroll-10030px	비교 가능	no	inspected-via-contact-sheet
mobile	20	900.0	1100.0	Q01	게스트 홈	scroll-10620px	비교 가능	no	inspected-via-contact-sheet
mobile	21	900.0	1100.0	Q01	게스트 홈	scroll-11210px	비교 가능	no	inspected-via-contact-sheet
mobile	22	900.0	1100.0	Q01	게스트 홈	scroll-11800px	비교 가능	no	inspected-via-contact-sheet
mobile	23	900.0	1100.0	Q01	게스트 홈	scroll-12390px	비교 가능	no	inspected-via-contact-sheet
mobile	24	900.0	1100.0	Q01	게스트 홈	scroll-12980px	비교 가능	yes	inspected-via-contact-sheet
mobile	25	900.0	1100.0	Q02	로그인 홈	top	QA 상태 미재현	no	inspected-via-contact-sheet
mobile	26	900.0	1100.0	Q02	로그인 홈	bottom	QA 상태 미재현	no	inspected-via-contact-sheet
mobile	27	900.0	1100.0	Q03	질문 시트(빠진 정보 묻기)	top	QA 상태 미재현	no	inspected-via-contact-sheet
mobile	28	900.0	1100.0	Q03	질문 시트(빠진 정보 묻기)	bottom	QA 상태 미재현	no	inspected-via-contact-sheet
mobile	29	900.0	1100.0	Q04	전략 카드	top	QA 상태 미재현	no	inspected-via-contact-sheet
mobile	30	900.0	1100.0	Q04	전략 카드	bottom	QA 상태 미재현	no	inspected-via-contact-sheet
mobile	31	900.0	1100.0	Q05	전략 카드(검증에서 뺀 조건)	top	QA 상태 미재현	no	inspected-via-contact-sheet
mobile	32	900.0	1100.0	Q05	전략 카드(검증에서 뺀 조건)	bottom	QA 상태 미재현	no	inspected-via-contact-sheet
mobile	33	900.0	1100.0	Q06	예약 카드(예약 전)	top	QA 상태 미재현	no	inspected-via-contact-sheet
mobile	34	900.0	1100.0	Q06	예약 카드(예약 전)	bottom	QA 상태 미재현	no	inspected-via-contact-sheet
mobile	35	900.0	1100.0	Q07	예약 카드(조건 대기)	top	QA 상태 미재현	no	inspected-via-contact-sheet
mobile	36	900.0	1100.0	Q07	예약 카드(조건 대기)	bottom	QA 상태 미재현	no	inspected-via-contact-sheet
mobile	37	900.0	1100.0	Q08	예약 카드(롱 3배, 취소됨)	top	QA 상태 미재현	no	inspected-via-contact-sheet
mobile	38	900.0	1100.0	Q08	예약 카드(롱 3배, 취소됨)	bottom	QA 상태 미재현	no	inspected-via-contact-sheet
mobile	39	900.0	1100.0	Q09	사용량 80% 배너(닫을 수 있음)	top	QA 상태 미재현	no	inspected-via-contact-sheet
mobile	40	900.0	1100.0	Q09	사용량 80% 배너(닫을 수 있음)	bottom	QA 상태 미재현	no	inspected-via-contact-sheet
mobile	41	900.0	1100.0	Q10	사용량 100%(초대 계정, 카드 등록)	top	QA 상태 미재현	no	inspected-via-contact-sheet
mobile	42	900.0	1100.0	Q10	사용량 100%(초대 계정, 카드 등록)	bottom	QA 상태 미재현	no	inspected-via-contact-sheet
mobile	43	900.0	1100.0	Q11	사용량 100%(구독만, 초대 계정 연결)	top	QA 상태 미재현	no	inspected-via-contact-sheet
mobile	44	900.0	1100.0	Q11	사용량 100%(구독만, 초대 계정 연결)	bottom	QA 상태 미재현	no	inspected-via-contact-sheet
mobile	45	900.0	1100.0	Q12	목록	top	비교 가능	no	inspected-via-contact-sheet
mobile	46	900.0	1100.0	Q12	목록	bottom	비교 가능	no	inspected-via-contact-sheet
mobile	47	900.0	1100.0	Q12	목록	scroll-590px	비교 가능	no	inspected-via-contact-sheet
mobile	48	900.0	1100.0	Q12	목록	scroll-1180px	비교 가능	no	inspected-via-contact-sheet
mobile	49	900.0	1100.0	Q12	목록	scroll-1770px	비교 가능	no	inspected-via-contact-sheet
mobile	50	900.0	1100.0	Q12	목록	scroll-2360px	비교 가능	no	inspected-via-contact-sheet
mobile	51	900.0	1100.0	Q12	목록	scroll-2950px	비교 가능	no	inspected-via-contact-sheet
mobile	52	900.0	1100.0	Q13	목록(내 거래소 하나 연결)	top	QA 상태 미재현	no	inspected-via-contact-sheet
mobile	53	900.0	1100.0	Q13	목록(내 거래소 하나 연결)	bottom	QA 상태 미재현	no	inspected-via-contact-sheet
mobile	54	900.0	1100.0	Q14	목록(내 거래소 둘 연결)	top	QA 상태 미재현	no	inspected-via-contact-sheet
mobile	55	900.0	1100.0	Q14	목록(내 거래소 둘 연결)	bottom	QA 상태 미재현	no	inspected-via-contact-sheet
mobile	56	900.0	1100.0	Q15	상세 개요	top	비교 가능	no	inspected-via-contact-sheet
mobile	57	900.0	1100.0	Q15	상세 개요	bottom	비교 가능	no	inspected-via-contact-sheet
mobile	58	900.0	1100.0	Q15	상세 개요	scroll-590px	비교 가능	no	inspected-via-contact-sheet
mobile	59	900.0	1100.0	Q15	상세 개요	scroll-1180px	비교 가능	no	inspected-via-contact-sheet
mobile	60	900.0	1100.0	Q15	상세 개요	scroll-1770px	비교 가능	yes	inspected-via-contact-sheet
mobile	61	900.0	1100.0	Q15	상세 개요	scroll-2360px	비교 가능	yes	inspected-via-contact-sheet
mobile	62	900.0	1100.0	Q15	상세 개요	scroll-2950px	비교 가능	yes	inspected-via-contact-sheet
mobile	63	900.0	1100.0	Q15	상세 개요	scroll-3540px	비교 가능	yes	inspected-via-contact-sheet
mobile	64	900.0	1100.0	Q15	상세 개요	scroll-4130px	비교 가능	yes	inspected-via-contact-sheet
mobile	65	900.0	1100.0	Q16	상세 전략 정보 탭	top	비교 가능	no	inspected-via-contact-sheet
mobile	66	900.0	1100.0	Q16	상세 전략 정보 탭	bottom	비교 가능	no	inspected-via-contact-sheet
mobile	67	900.0	1100.0	Q16	상세 전략 정보 탭	scroll-590px	비교 가능	no	inspected-via-contact-sheet
mobile	68	900.0	1100.0	Q16	상세 전략 정보 탭	scroll-1180px	비교 가능	no	inspected-via-contact-sheet
mobile	69	900.0	1100.0	Q16	상세 전략 정보 탭	scroll-1770px	비교 가능	yes	inspected-via-contact-sheet
mobile	70	900.0	1100.0	Q17	복사 창(연결됨)	top	QA 상태 미재현	no	inspected-via-contact-sheet
mobile	71	900.0	1100.0	Q17	복사 창(연결됨)	bottom	QA 상태 미재현	no	inspected-via-contact-sheet
mobile	72	900.0	1100.0	Q18	복사 창 대신 플랜(미연결)	top	QA 상태 미재현	no	inspected-via-contact-sheet
mobile	73	900.0	1100.0	Q18	복사 창 대신 플랜(미연결)	bottom	QA 상태 미재현	no	inspected-via-contact-sheet
mobile	74	900.0	1100.0	Q19	복사한 전략 상세(진입 대기)	top	QA 상태 미재현	no	inspected-via-contact-sheet
mobile	75	900.0	1100.0	Q19	복사한 전략 상세(진입 대기)	bottom	QA 상태 미재현	no	inspected-via-contact-sheet
mobile	76	900.0	1100.0	Q20	복사한 전략 상세(포지션 있음)	top	QA 상태 미재현	no	inspected-via-contact-sheet
mobile	77	900.0	1100.0	Q20	복사한 전략 상세(포지션 있음)	bottom	QA 상태 미재현	no	inspected-via-contact-sheet
mobile	78	900.0	1100.0	Q21	복사한 전략 상세(청산 이력)	top	QA 상태 미재현	no	inspected-via-contact-sheet
mobile	79	900.0	1100.0	Q21	복사한 전략 상세(청산 이력)	bottom	QA 상태 미재현	no	inspected-via-contact-sheet
mobile	80	900.0	1100.0	Q22	복사한 전략 상세(자금 이동)	top	QA 상태 미재현	no	inspected-via-contact-sheet
mobile	81	900.0	1100.0	Q22	복사한 전략 상세(자금 이동)	bottom	QA 상태 미재현	no	inspected-via-contact-sheet
mobile	82	900.0	1100.0	Q23	돌리기 전	top	비교 가능	no	inspected-via-contact-sheet
mobile	83	900.0	1100.0	Q23	돌리기 전	bottom	비교 가능	no	inspected-via-contact-sheet
mobile	84	900.0	1100.0	Q23	돌리기 전	scroll-590px	비교 가능	no	inspected-via-contact-sheet
mobile	85	900.0	1100.0	Q23	돌리기 전	scroll-1180px	비교 가능	yes	inspected-via-contact-sheet
mobile	86	900.0	1100.0	Q24	도는 중	top	QA 상태 미재현	no	inspected-via-contact-sheet
mobile	87	900.0	1100.0	Q24	도는 중	bottom	QA 상태 미재현	no	inspected-via-contact-sheet
mobile	88	900.0	1100.0	Q25	결과(좋음)	top	QA 상태 미재현	no	inspected-via-contact-sheet
mobile	89	900.0	1100.0	Q25	결과(좋음)	bottom	QA 상태 미재현	no	inspected-via-contact-sheet
mobile	90	900.0	1100.0	Q26	결과(나쁨, 공개 전략)	top	QA 상태 미재현	no	inspected-via-contact-sheet
mobile	91	900.0	1100.0	Q26	결과(나쁨, 공개 전략)	bottom	QA 상태 미재현	no	inspected-via-contact-sheet
mobile	92	900.0	1100.0	Q27	결과(나쁨, 내 전략, 규칙 수정하기)	top	QA 상태 미재현	no	inspected-via-contact-sheet
mobile	93	900.0	1100.0	Q27	결과(나쁨, 내 전략, 규칙 수정하기)	bottom	QA 상태 미재현	no	inspected-via-contact-sheet
mobile	94	900.0	1100.0	Q28	게스트	top	비교 가능	no	inspected-via-contact-sheet
mobile	95	900.0	1100.0	Q28	게스트	bottom	비교 가능	no	inspected-via-contact-sheet
mobile	96	900.0	1100.0	Q28	게스트	scroll-590px	비교 가능	no	inspected-via-contact-sheet
mobile	97	900.0	1100.0	Q28	게스트	scroll-1180px	비교 가능	no	inspected-via-contact-sheet
mobile	98	900.0	1100.0	Q28	게스트	scroll-1770px	비교 가능	no	inspected-via-contact-sheet
mobile	99	900.0	1100.0	Q28	게스트	scroll-2360px	비교 가능	no	inspected-via-contact-sheet
mobile	100	900.0	1100.0	Q28	게스트	scroll-2950px	비교 가능	no	inspected-via-contact-sheet
mobile	101	900.0	1100.0	Q28	게스트	scroll-3540px	비교 가능	no	inspected-via-contact-sheet
mobile	102	900.0	1100.0	Q28	게스트	scroll-4130px	비교 가능	no	inspected-via-contact-sheet
mobile	103	900.0	1100.0	Q28	게스트	scroll-4720px	비교 가능	no	inspected-via-contact-sheet
mobile	104	900.0	1100.0	Q29	로그인, 거래소 미연결	top	QA 상태 미재현	no	inspected-via-contact-sheet
mobile	105	900.0	1100.0	Q29	로그인, 거래소 미연결	bottom	QA 상태 미재현	no	inspected-via-contact-sheet
mobile	106	900.0	1100.0	Q30	연결, 전략 없음	top	QA 상태 미재현	no	inspected-via-contact-sheet
mobile	107	900.0	1100.0	Q30	연결, 전략 없음	bottom	QA 상태 미재현	no	inspected-via-contact-sheet
mobile	108	900.0	1100.0	Q31	복사한 전략만	top	QA 상태 미재현	no	inspected-via-contact-sheet
mobile	109	900.0	1100.0	Q31	복사한 전략만	bottom	QA 상태 미재현	no	inspected-via-contact-sheet
mobile	110	900.0	1100.0	Q32	전략 있음, 포지션 있음	top	QA 상태 미재현	no	inspected-via-contact-sheet
mobile	111	900.0	1100.0	Q32	전략 있음, 포지션 있음	bottom	QA 상태 미재현	no	inspected-via-contact-sheet
mobile	112	900.0	1100.0	Q33	전략 있음, 포지션 없음	top	QA 상태 미재현	no	inspected-via-contact-sheet
mobile	113	900.0	1100.0	Q33	전략 있음, 포지션 없음	bottom	QA 상태 미재현	no	inspected-via-contact-sheet
mobile	114	900.0	1100.0	Q34	전략 오류	top	QA 상태 미재현	no	inspected-via-contact-sheet
mobile	115	900.0	1100.0	Q34	전략 오류	bottom	QA 상태 미재현	no	inspected-via-contact-sheet
mobile	116	900.0	1100.0	Q35	예약 주문 대기(미체결 주문)	top	QA 상태 미재현	no	inspected-via-contact-sheet
mobile	117	900.0	1100.0	Q35	예약 주문 대기(미체결 주문)	bottom	QA 상태 미재현	no	inspected-via-contact-sheet
mobile	118	900.0	1100.0	Q36	복사한 전략, 포지션 있음	top	QA 상태 미재현	no	inspected-via-contact-sheet
mobile	119	900.0	1100.0	Q36	복사한 전략, 포지션 있음	bottom	QA 상태 미재현	no	inspected-via-contact-sheet
mobile	120	900.0	1100.0	Q37	복사한 AI 전략(여러 종목)	top	QA 상태 미재현	no	inspected-via-contact-sheet
mobile	121	900.0	1100.0	Q37	복사한 AI 전략(여러 종목)	bottom	QA 상태 미재현	no	inspected-via-contact-sheet
mobile	122	900.0	1100.0	Q38	복사한 혼합 전략	top	QA 상태 미재현	no	inspected-via-contact-sheet
mobile	123	900.0	1100.0	Q38	복사한 혼합 전략	bottom	QA 상태 미재현	no	inspected-via-contact-sheet
mobile	124	900.0	1100.0	Q39	복사한 전략 둘(AI와 규칙)	top	QA 상태 미재현	no	inspected-via-contact-sheet
mobile	125	900.0	1100.0	Q39	복사한 전략 둘(AI와 규칙)	bottom	QA 상태 미재현	no	inspected-via-contact-sheet
mobile	126	900.0	1100.0	Q40	플랜(무료 초대 계정 / 구독)	top	QA 상태 미재현	no	inspected-via-contact-sheet
mobile	127	900.0	1100.0	Q40	플랜(무료 초대 계정 / 구독)	bottom	QA 상태 미재현	no	inspected-via-contact-sheet
mobile	128	900.0	1100.0	Q41	거래소 선택	top	QA 상태 미재현	no	inspected-via-contact-sheet
mobile	129	900.0	1100.0	Q41	거래소 선택	bottom	QA 상태 미재현	no	inspected-via-contact-sheet
mobile	130	900.0	1100.0	Q42	계정(가입 안내)	top	QA 상태 미재현	no	inspected-via-contact-sheet
mobile	131	900.0	1100.0	Q42	계정(가입 안내)	bottom	QA 상태 미재현	no	inspected-via-contact-sheet
mobile	132	900.0	1100.0	Q43	가입한 계정 연결	top	QA 상태 미재현	no	inspected-via-contact-sheet
mobile	133	900.0	1100.0	Q43	가입한 계정 연결	bottom	QA 상태 미재현	no	inspected-via-contact-sheet
mobile	134	900.0	1100.0	Q44	승인 화면	top	QA 상태 미재현	no	inspected-via-contact-sheet
mobile	135	900.0	1100.0	Q44	승인 화면	bottom	QA 상태 미재현	no	inspected-via-contact-sheet
mobile	136	900.0	1100.0	Q45	연결 확인 중	top	QA 상태 미재현	no	inspected-via-contact-sheet
mobile	137	900.0	1100.0	Q45	연결 확인 중	bottom	QA 상태 미재현	no	inspected-via-contact-sheet
mobile	138	900.0	1100.0	Q46	구독 결제	top	QA 상태 미재현	no	inspected-via-contact-sheet
mobile	139	900.0	1100.0	Q46	구독 결제	bottom	QA 상태 미재현	no	inspected-via-contact-sheet
mobile	140	900.0	1100.0	Q47	연결된 계정 목록	top	QA 상태 미재현	no	inspected-via-contact-sheet
mobile	141	900.0	1100.0	Q47	연결된 계정 목록	bottom	QA 상태 미재현	no	inspected-via-contact-sheet
mobile	142	900.0	1100.0	Q48	일반	top	로그인 필요	no	inspected-via-contact-sheet
mobile	143	900.0	1100.0	Q49	계정	top	로그인 필요	no	inspected-via-contact-sheet
mobile	144	900.0	1100.0	Q49	계정	bottom	로그인 필요	no	inspected-via-contact-sheet
mobile	145	900.0	1100.0	Q50	알림	top	로그인 필요	no	inspected-via-contact-sheet
mobile	146	900.0	1100.0	Q51	결제(이용 방식 없음)	top	로그인 필요	no	inspected-via-contact-sheet
mobile	147	900.0	1100.0	Q51	결제(이용 방식 없음)	bottom	로그인 필요	no	inspected-via-contact-sheet
mobile	148	900.0	1100.0	Q52	결제(초대 계정)	top	로그인 필요	no	inspected-via-contact-sheet
mobile	149	900.0	1100.0	Q53	결제(구독)	top	로그인 필요	no	inspected-via-contact-sheet
mobile	150	900.0	1100.0	Q53	결제(구독)	bottom	로그인 필요	no	inspected-via-contact-sheet
mobile	151	900.0	1100.0	Q54	결제(구독과 초대 계정, 크레딧 차감)	top	로그인 필요	no	inspected-via-contact-sheet
mobile	152	900.0	1100.0	Q54	결제(구독과 초대 계정, 크레딧 차감)	bottom	로그인 필요	no	inspected-via-contact-sheet
mobile	153	900.0	1100.0	Q55	결제(구독 해지됨)	top	로그인 필요	no	inspected-via-contact-sheet
mobile	154	900.0	1100.0	Q56	결제(결제 실패)	top	로그인 필요	no	inspected-via-contact-sheet
mobile	155	900.0	1100.0	Q57	사용량 20%	top	로그인 필요	no	inspected-via-contact-sheet
mobile	156	900.0	1100.0	Q57	사용량 20%	bottom	로그인 필요	no	inspected-via-contact-sheet
mobile	157	900.0	1100.0	Q58	사용량 85%	top	로그인 필요	no	inspected-via-contact-sheet
mobile	158	900.0	1100.0	Q59	사용량 100%	top	로그인 필요	no	inspected-via-contact-sheet
mobile	159	900.0	1100.0	Q60	보안	top	로그인 필요	no	inspected-via-contact-sheet
mobile	160	900.0	1100.0	Q60	보안	bottom	로그인 필요	no	inspected-via-contact-sheet
mobile	161	900.0	1100.0	Q61	비어 있음	top	QA 상태 미재현	no	inspected-via-contact-sheet
mobile	162	900.0	1100.0	Q61	비어 있음	bottom	QA 상태 미재현	no	inspected-via-contact-sheet
mobile	163	900.0	1100.0	Q62	기록 있음	top	QA 상태 미재현	no	inspected-via-contact-sheet
mobile	164	900.0	1100.0	Q62	기록 있음	bottom	QA 상태 미재현	no	inspected-via-contact-sheet
mobile	165	900.0	1100.0	A01	① 게스트	top	로그인 필요	no	inspected-via-contact-sheet
mobile	166	900.0	1100.0	A01	① 게스트	bottom	로그인 필요	no	inspected-via-contact-sheet
mobile	167	900.0	1100.0	A02	② 로그인만	top	로그인 필요	no	inspected-via-contact-sheet
mobile	168	900.0	1100.0	A03	③ 연결, 거래 0	top	로그인 필요	no	inspected-via-contact-sheet
mobile	169	900.0	1100.0	A04	④ 연결, 저거래	top	로그인 필요	no	inspected-via-contact-sheet
mobile	170	900.0	1100.0	A05	⑤ 연결, 고거래	top	로그인 필요	no	inspected-via-contact-sheet
mobile	171	900.0	1100.0	A06	⑥ 카드, AI 많이, 미연결	top	로그인 필요	no	inspected-via-contact-sheet
mobile	172	900.0	1100.0	A06	⑥ 카드, AI 많이, 미연결	bottom	로그인 필요	no	inspected-via-contact-sheet
mobile	173	900.0	1100.0	A07	⑦ 카드, AI 적게, 미연결	top	로그인 필요	no	inspected-via-contact-sheet
mobile	174	900.0	1100.0	A08	⑧ 카드, 연결, AI 많이, 고거래	top	로그인 필요	no	inspected-via-contact-sheet
mobile	175	900.0	1100.0	A08	⑧ 카드, 연결, AI 많이, 고거래	bottom	로그인 필요	no	inspected-via-contact-sheet
mobile	176	900.0	1100.0	A09	⑨ 카드, 연결, AI 많이, 저거래	top	로그인 필요	no	inspected-via-contact-sheet
mobile	177	900.0	1100.0	A10	⑩ 카드, 연결, AI 적게, 고거래	top	로그인 필요	no	inspected-via-contact-sheet
mobile	178	900.0	1100.0	A10	⑩ 카드, 연결, AI 적게, 고거래	bottom	로그인 필요	no	inspected-via-contact-sheet
mobile	179	900.0	1100.0	A11	⑪ 카드, 연결, AI 적게, 저거래	top	로그인 필요	no	inspected-via-contact-sheet
mobile	180	900.0	1100.0	A11	⑪ 카드, 연결, AI 적게, 저거래	bottom	로그인 필요	no	inspected-via-contact-sheet
mobile	181	900.0	1100.0	A12	⑫ 초대 회원, Bitget 1곳	top	로그인 필요	no	inspected-via-contact-sheet
mobile	182	900.0	1100.0	A13	⑬ 구독 회원, Bybit, 카드와 결제 내역	top	로그인 필요	no	inspected-via-contact-sheet
mobile	183	900.0	1100.0	A13	⑬ 구독 회원, Bybit, 카드와 결제 내역	bottom	로그인 필요	no	inspected-via-contact-sheet
mobile	184	900.0	1100.0	A14	⑭ 두 곳 연결(Bitget 초대 + OKX 구독), 2단계 인증, 기기 2대	top	로그인 필요	no	inspected-via-contact-sheet
mobile	185	900.0	1100.0	A14	⑭ 두 곳 연결(Bitget 초대 + OKX 구독), 2단계 인증, 기기 2대	bottom	로그인 필요	no	inspected-via-contact-sheet
mobile	186	900.0	1100.0	A15	⑮ 구독 만료, 카드 있음	top	로그인 필요	no	inspected-via-contact-sheet
mobile	187	900.0	1100.0	P01	정보	top	비교 가능	no	inspected-via-contact-sheet
mobile	188	900.0	1100.0	P01	정보	bottom	비교 가능	no	inspected-via-contact-sheet
mobile	189	900.0	1100.0	P01	정보	scroll-844px	비교 가능	no	inspected-via-contact-sheet
mobile	190	900.0	1100.0	P01	정보	scroll-1688px	비교 가능	no	inspected-via-contact-sheet
mobile	191	900.0	1100.0	P01	정보	scroll-2532px	비교 가능	no	inspected-via-contact-sheet
mobile	192	900.0	1100.0	P01	정보	scroll-3376px	비교 가능	no	inspected-via-contact-sheet
mobile	193	900.0	1100.0	P01	정보	scroll-4220px	비교 가능	no	inspected-via-contact-sheet
mobile	194	900.0	1100.0	P01	정보	scroll-5064px	비교 가능	no	inspected-via-contact-sheet
mobile	195	900.0	1100.0	P01	정보	scroll-5908px	비교 가능	no	inspected-via-contact-sheet
mobile	196	900.0	1100.0	P01	정보	scroll-6752px	비교 가능	no	inspected-via-contact-sheet
mobile	197	900.0	1100.0	P01	정보	scroll-7596px	비교 가능	no	inspected-via-contact-sheet
mobile	198	900.0	1100.0	P02	앱 다운로드	top	비교 가능	no	inspected-via-contact-sheet
mobile	199	900.0	1100.0	P02	앱 다운로드	bottom	비교 가능	no	inspected-via-contact-sheet
mobile	200	900.0	1100.0	P02	앱 다운로드	scroll-844px	비교 가능	no	inspected-via-contact-sheet
mobile	201	900.0	1100.0	P02	앱 다운로드	scroll-1688px	비교 가능	no	inspected-via-contact-sheet
mobile	202	900.0	1100.0	P02	앱 다운로드	scroll-2532px	비교 가능	no	inspected-via-contact-sheet
mobile	203	900.0	1100.0	P03	서비스 약관	top	비교 가능	no	inspected-via-contact-sheet
mobile	204	900.0	1100.0	P03	서비스 약관	bottom	비교 가능	no	inspected-via-contact-sheet
mobile	205	900.0	1100.0	P03	서비스 약관	scroll-844px	비교 가능	no	inspected-via-contact-sheet
mobile	206	900.0	1100.0	P03	서비스 약관	scroll-1688px	비교 가능	no	inspected-via-contact-sheet
mobile	207	900.0	1100.0	P03	서비스 약관	scroll-2532px	비교 가능	no	inspected-via-contact-sheet
mobile	208	900.0	1100.0	P03	서비스 약관	scroll-3376px	비교 가능	no	inspected-via-contact-sheet
mobile	209	900.0	1100.0	P03	서비스 약관	scroll-4220px	비교 가능	yes	inspected-via-contact-sheet
mobile	210	900.0	1100.0	P04	개인정보처리방침	top	비교 가능	no	inspected-via-contact-sheet
mobile	211	900.0	1100.0	P04	개인정보처리방침	bottom	비교 가능	no	inspected-via-contact-sheet
mobile	212	900.0	1100.0	P04	개인정보처리방침	scroll-844px	비교 가능	no	inspected-via-contact-sheet
mobile	213	900.0	1100.0	P04	개인정보처리방침	scroll-1688px	비교 가능	no	inspected-via-contact-sheet
mobile	214	900.0	1100.0	P04	개인정보처리방침	scroll-2532px	비교 가능	no	inspected-via-contact-sheet
mobile	215	900.0	1100.0	P04	개인정보처리방침	scroll-3376px	비교 가능	no	inspected-via-contact-sheet
mobile	216	900.0	1100.0	P04	개인정보처리방침	scroll-4220px	비교 가능	no	inspected-via-contact-sheet
mobile	217	900.0	1100.0	P04	개인정보처리방침	scroll-5064px	비교 가능	yes	inspected-via-contact-sheet
mobile	218	900.0	1100.0	X01	인사이트 홈	top	비교 가능	no	inspected-via-contact-sheet
mobile	219	900.0	1100.0	X01	인사이트 홈	bottom	비교 가능	no	inspected-via-contact-sheet
mobile	220	900.0	1100.0	X01	인사이트 홈	scroll-590px	비교 가능	no	inspected-via-contact-sheet
mobile	221	900.0	1100.0	X01	인사이트 홈	scroll-1180px	비교 가능	no	inspected-via-contact-sheet
mobile	222	900.0	1100.0	X01	인사이트 홈	scroll-1770px	비교 가능	yes	inspected-via-contact-sheet
mobile	223	900.0	1100.0	X01	인사이트 홈	scroll-2360px	비교 가능	yes	inspected-via-contact-sheet
mobile	224	900.0	1100.0	X01	인사이트 홈	scroll-2950px	비교 가능	yes	inspected-via-contact-sheet
mobile	225	900.0	1100.0	X01	인사이트 홈	scroll-3540px	비교 가능	yes	inspected-via-contact-sheet
mobile	226	900.0	1100.0	X01	인사이트 홈	scroll-4130px	비교 가능	yes	inspected-via-contact-sheet
mobile	227	900.0	1100.0	X01	인사이트 홈	scroll-4720px	비교 가능	yes	inspected-via-contact-sheet
mobile	228	900.0	1100.0	X01	인사이트 홈	scroll-5310px	비교 가능	yes	inspected-via-contact-sheet
mobile	229	900.0	1100.0	X01	인사이트 홈	scroll-5900px	비교 가능	yes	inspected-via-contact-sheet
mobile	230	900.0	1100.0	X01	인사이트 홈	scroll-6490px	비교 가능	yes	inspected-via-contact-sheet
mobile	231	900.0	1100.0	X01	인사이트 홈	scroll-7080px	비교 가능	yes	inspected-via-contact-sheet
mobile	232	900.0	1100.0	X02	인사이트 트렌딩	top	비교 가능	no	inspected-via-contact-sheet
mobile	233	900.0	1100.0	X02	인사이트 트렌딩	bottom	비교 가능	no	inspected-via-contact-sheet
mobile	234	900.0	1100.0	X02	인사이트 트렌딩	scroll-590px	비교 가능	no	inspected-via-contact-sheet
mobile	235	900.0	1100.0	X02	인사이트 트렌딩	scroll-1180px	비교 가능	no	inspected-via-contact-sheet
mobile	236	900.0	1100.0	X02	인사이트 트렌딩	scroll-1770px	비교 가능	yes	inspected-via-contact-sheet
mobile	237	900.0	1100.0	X02	인사이트 트렌딩	scroll-2360px	비교 가능	yes	inspected-via-contact-sheet
mobile	238	900.0	1100.0	X02	인사이트 트렌딩	scroll-2950px	비교 가능	yes	inspected-via-contact-sheet
mobile	239	900.0	1100.0	X02	인사이트 트렌딩	scroll-3540px	비교 가능	yes	inspected-via-contact-sheet
mobile	240	900.0	1100.0	X02	인사이트 트렌딩	scroll-4130px	비교 가능	yes	inspected-via-contact-sheet
mobile	241	900.0	1100.0	X02	인사이트 트렌딩	scroll-4720px	비교 가능	yes	inspected-via-contact-sheet
mobile	242	900.0	1100.0	X02	인사이트 트렌딩	scroll-5310px	비교 가능	yes	inspected-via-contact-sheet
mobile	243	900.0	1100.0	X02	인사이트 트렌딩	scroll-5900px	비교 가능	yes	inspected-via-contact-sheet
mobile	244	900.0	1100.0	X02	인사이트 트렌딩	scroll-6490px	비교 가능	yes	inspected-via-contact-sheet
mobile	245	900.0	1100.0	X02	인사이트 트렌딩	scroll-7080px	비교 가능	yes	inspected-via-contact-sheet
mobile	246	900.0	1100.0	X03	도움말	top	비교 가능	no	inspected-via-contact-sheet
mobile	247	900.0	1100.0	X04	로그인 창	top	비교 가능	no	inspected-via-contact-sheet
mobile	248	900.0	1100.0	X05	언어·통화 선택	top	QA 상태 미재현	no	inspected-via-contact-sheet
