case_key	group	screen	route	capture_state	web_pages	mobile_pages	owner_scope	parity_class	language	capture_widths	inspection_note
Q01	홈과 채팅	게스트 홈	/	same	1-7	1-24	other-team-conversation-motion	observed-capture-other-team-review	ko	web1440/mobile390	캡처 메타 상태에 따라 판정; 미재현은 누락/PASS로 승격하지 않음
Q02	홈과 채팅	로그인 홈	/	unavailable	8-13	25-26	other-team-conversation-motion	unreproduced-unavailable	ko	web1440/mobile390	캡처 메타 상태에 따라 판정; 미재현은 누락/PASS로 승격하지 않음
Q03	홈과 채팅	질문 시트(빠진 정보 묻기)	/	unavailable	14-15	27-28	other-team-conversation-motion	unreproduced-unavailable	ko	web1440/mobile390	캡처 메타 상태에 따라 판정; 미재현은 누락/PASS로 승격하지 않음
Q04	홈과 채팅	전략 카드	/	unavailable	16-17	29-30	other-team-conversation-motion	unreproduced-unavailable	ko	web1440/mobile390	캡처 메타 상태에 따라 판정; 미재현은 누락/PASS로 승격하지 않음
Q05	홈과 채팅	전략 카드(검증에서 뺀 조건)	/	unavailable	18-19	31-32	other-team-conversation-motion	unreproduced-unavailable	ko	web1440/mobile390	캡처 메타 상태에 따라 판정; 미재현은 누락/PASS로 승격하지 않음
Q06	홈과 채팅	예약 카드(예약 전)	/	unavailable	20-21	33-34	other-team-conversation-motion	unreproduced-unavailable	ko	web1440/mobile390	캡처 메타 상태에 따라 판정; 미재현은 누락/PASS로 승격하지 않음
Q07	홈과 채팅	예약 카드(조건 대기)	/	unavailable	22-23	35-36	other-team-conversation-motion	unreproduced-unavailable	ko	web1440/mobile390	캡처 메타 상태에 따라 판정; 미재현은 누락/PASS로 승격하지 않음
Q08	홈과 채팅	예약 카드(롱 3배, 취소됨)	/	unavailable	24-25	37-38	other-team-conversation-motion	unreproduced-unavailable	ko	web1440/mobile390	캡처 메타 상태에 따라 판정; 미재현은 누락/PASS로 승격하지 않음
Q09	홈과 채팅	사용량 80% 배너(닫을 수 있음)	/	unavailable	26-27	39-40	other-team-conversation-motion	unreproduced-unavailable	ko	web1440/mobile390	캡처 메타 상태에 따라 판정; 미재현은 누락/PASS로 승격하지 않음
Q10	홈과 채팅	사용량 100%(초대 계정, 카드 등록)	/	unavailable	28-29	41-42	other-team-conversation-motion	unreproduced-unavailable	ko	web1440/mobile390	캡처 메타 상태에 따라 판정; 미재현은 누락/PASS로 승격하지 않음
Q11	홈과 채팅	사용량 100%(구독만, 초대 계정 연결)	/	unavailable	30-31	43-44	other-team-conversation-motion	unreproduced-unavailable	ko	web1440/mobile390	캡처 메타 상태에 따라 판정; 미재현은 누락/PASS로 승격하지 않음
Q12	전략 복사	목록	/#/share	same	32-34	45-51	other-team-exchange-strategy	observed-capture-other-team-review	ko	web1440/mobile390	캡처 메타 상태에 따라 판정; 미재현은 누락/PASS로 승격하지 않음
Q13	전략 복사	목록(내 거래소 하나 연결)	/#/share	different-account	35-38	52-53	other-team-exchange-strategy	unreproduced-different-account	ko	web1440/mobile390	캡처 메타 상태에 따라 판정; 미재현은 누락/PASS로 승격하지 않음
Q14	전략 복사	목록(내 거래소 둘 연결)	/#/share	different-account	39-42	54-55	other-team-exchange-strategy	unreproduced-different-account	ko	web1440/mobile390	캡처 메타 상태에 따라 판정; 미재현은 누락/PASS로 승격하지 않음
Q15	전략 복사	상세 개요	/#/share/s/f1	same	43-47	56-64	other-team-exchange-strategy	observed-capture-other-team-review	ko	web1440/mobile390	캡처 메타 상태에 따라 판정; 미재현은 누락/PASS로 승격하지 않음
Q16	전략 복사	상세 전략 정보 탭	/#/share/s/f1/all/info	same	48-50	65-69	other-team-exchange-strategy	observed-capture-other-team-review	ko	web1440/mobile390	캡처 메타 상태에 따라 판정; 미재현은 누락/PASS로 승격하지 않음
Q17	전략 복사	복사 창(연결됨)	/#/share/s/f1	unavailable	51-55	70-71	other-team-exchange-strategy	unreproduced-unavailable	ko	web1440/mobile390	캡처 메타 상태에 따라 판정; 미재현은 누락/PASS로 승격하지 않음
Q18	전략 복사	복사 창 대신 플랜(미연결)	/#/share/s/f1	unavailable	56-58	72-73	other-team-exchange-strategy	unreproduced-unavailable	ko	web1440/mobile390	캡처 메타 상태에 따라 판정; 미재현은 누락/PASS로 승격하지 않음
Q19	전략 복사	복사한 전략 상세(진입 대기)	/#/trade	unavailable	59-61	74-75	other-team-exchange-strategy	unreproduced-unavailable	ko	web1440/mobile390	캡처 메타 상태에 따라 판정; 미재현은 누락/PASS로 승격하지 않음
Q20	전략 복사	복사한 전략 상세(포지션 있음)	/#/trade	unavailable	62-65	76-77	other-team-exchange-strategy	unreproduced-unavailable	ko	web1440/mobile390	캡처 메타 상태에 따라 판정; 미재현은 누락/PASS로 승격하지 않음
Q21	전략 복사	복사한 전략 상세(청산 이력)	/#/trade	unavailable	66-69	78-79	other-team-exchange-strategy	unreproduced-unavailable	ko	web1440/mobile390	캡처 메타 상태에 따라 판정; 미재현은 누락/PASS로 승격하지 않음
Q22	전략 복사	복사한 전략 상세(자금 이동)	/#/trade	unavailable	70-73	80-81	other-team-exchange-strategy	unreproduced-unavailable	ko	web1440/mobile390	캡처 메타 상태에 따라 판정; 미재현은 누락/PASS로 승격하지 않음
Q23	백테스트	돌리기 전	/#/share/bt/f1	same	74-75	82-85	other-team-exchange-strategy	observed-capture-other-team-review	ko	web1440/mobile390	캡처 메타 상태에 따라 판정; 미재현은 누락/PASS로 승격하지 않음
Q24	백테스트	도는 중	/#/share/bt/f1	unavailable	76-77	86-87	other-team-exchange-strategy	unreproduced-unavailable	ko	web1440/mobile390	캡처 메타 상태에 따라 판정; 미재현은 누락/PASS로 승격하지 않음
Q25	백테스트	결과(좋음)	/#/share/bt/f1	unavailable	78-79	88-89	other-team-exchange-strategy	unreproduced-unavailable	ko	web1440/mobile390	캡처 메타 상태에 따라 판정; 미재현은 누락/PASS로 승격하지 않음
Q26	백테스트	결과(나쁨, 공개 전략)	/#/share/bt/r1	unavailable	80-81	90-91	other-team-exchange-strategy	unreproduced-unavailable	ko	web1440/mobile390	캡처 메타 상태에 따라 판정; 미재현은 누락/PASS로 승격하지 않음
Q27	백테스트	결과(나쁨, 내 전략, 규칙 수정하기)	/#/share/bt/mine	unavailable	82-83	92-93	other-team-exchange-strategy	unreproduced-unavailable	ko	web1440/mobile390	캡처 메타 상태에 따라 판정; 미재현은 누락/PASS로 승격하지 않음
Q28	AI 트레이딩	게스트	/#/trade	same	84-89	94-103	other-team-exchange-strategy	observed-capture-other-team-review	ko	web1440/mobile390	캡처 메타 상태에 따라 판정; 미재현은 누락/PASS로 승격하지 않음
Q29	AI 트레이딩	로그인, 거래소 미연결	/#/trade	unavailable	90-94	104-105	other-team-exchange-strategy	unreproduced-unavailable	ko	web1440/mobile390	캡처 메타 상태에 따라 판정; 미재현은 누락/PASS로 승격하지 않음
Q30	AI 트레이딩	연결, 전략 없음	/#/trade	unavailable	95-96	106-107	other-team-exchange-strategy	unreproduced-unavailable	ko	web1440/mobile390	캡처 메타 상태에 따라 판정; 미재현은 누락/PASS로 승격하지 않음
Q31	AI 트레이딩	복사한 전략만	/#/trade	unavailable	97-98	108-109	other-team-exchange-strategy	unreproduced-unavailable	ko	web1440/mobile390	캡처 메타 상태에 따라 판정; 미재현은 누락/PASS로 승격하지 않음
Q32	AI 트레이딩	전략 있음, 포지션 있음	/#/trade	unavailable	99-100	110-111	other-team-exchange-strategy	unreproduced-unavailable	ko	web1440/mobile390	캡처 메타 상태에 따라 판정; 미재현은 누락/PASS로 승격하지 않음
Q33	AI 트레이딩	전략 있음, 포지션 없음	/#/trade	unavailable	101-102	112-113	other-team-exchange-strategy	unreproduced-unavailable	ko	web1440/mobile390	캡처 메타 상태에 따라 판정; 미재현은 누락/PASS로 승격하지 않음
Q34	AI 트레이딩	전략 오류	/#/trade	unavailable	103-104	114-115	other-team-exchange-strategy	unreproduced-unavailable	ko	web1440/mobile390	캡처 메타 상태에 따라 판정; 미재현은 누락/PASS로 승격하지 않음
Q35	AI 트레이딩	예약 주문 대기(미체결 주문)	/#/trade	unavailable	105-106	116-117	other-team-exchange-strategy	unreproduced-unavailable	ko	web1440/mobile390	캡처 메타 상태에 따라 판정; 미재현은 누락/PASS로 승격하지 않음
Q36	AI 트레이딩	복사한 전략, 포지션 있음	/#/trade	unavailable	107-108	118-119	other-team-exchange-strategy	unreproduced-unavailable	ko	web1440/mobile390	캡처 메타 상태에 따라 판정; 미재현은 누락/PASS로 승격하지 않음
Q37	AI 트레이딩	복사한 AI 전략(여러 종목)	/#/trade	unavailable	109-110	120-121	other-team-exchange-strategy	unreproduced-unavailable	ko	web1440/mobile390	캡처 메타 상태에 따라 판정; 미재현은 누락/PASS로 승격하지 않음
Q38	AI 트레이딩	복사한 혼합 전략	/#/trade	unavailable	111-112	122-123	other-team-exchange-strategy	unreproduced-unavailable	ko	web1440/mobile390	캡처 메타 상태에 따라 판정; 미재현은 누락/PASS로 승격하지 않음
Q39	AI 트레이딩	복사한 전략 둘(AI와 규칙)	/#/trade	unavailable	113-114	124-125	other-team-exchange-strategy	unreproduced-unavailable	ko	web1440/mobile390	캡처 메타 상태에 따라 판정; 미재현은 누락/PASS로 승격하지 않음
Q40	거래소 연결과 플랜	플랜(무료 초대 계정 / 구독)	/#/plan	different-account	115-117	126-127	other-team-exchange-strategy	unreproduced-different-account	ko	web1440/mobile390	캡처 메타 상태에 따라 판정; 미재현은 누락/PASS로 승격하지 않음
Q41	거래소 연결과 플랜	거래소 선택	/#/connect/free?exchange=okx	different-account	118-119	128-129	other-team-exchange-strategy	unreproduced-different-account	ko	web1440/mobile390	캡처 메타 상태에 따라 판정; 미재현은 누락/PASS로 승격하지 않음
Q42	거래소 연결과 플랜	계정(가입 안내)	/#/connect/account?exchange=okx	different-account	120-121	130-131	other-team-exchange-strategy	unreproduced-different-account	ko	web1440/mobile390	캡처 메타 상태에 따라 판정; 미재현은 누락/PASS로 승격하지 않음
Q43	거래소 연결과 플랜	가입한 계정 연결	/#/connect/account?exchange=okx	different-account	122-123	132-133	other-team-exchange-strategy	unreproduced-different-account	ko	web1440/mobile390	캡처 메타 상태에 따라 판정; 미재현은 누락/PASS로 승격하지 않음
Q44	거래소 연결과 플랜	승인 화면	/#/connect/authorize?exchange=okx	different-account	124-125	134-135	other-team-exchange-strategy	unreproduced-different-account	ko	web1440/mobile390	캡처 메타 상태에 따라 판정; 미재현은 누락/PASS로 승격하지 않음
Q45	거래소 연결과 플랜	연결 확인 중	/#/connect/authorize?exchange=okx	different-account	126-127	136-137	other-team-exchange-strategy	unreproduced-different-account	ko	web1440/mobile390	캡처 메타 상태에 따라 판정; 미재현은 누락/PASS로 승격하지 않음
Q46	거래소 연결과 플랜	구독 결제	/#/connect/checkout?exchange=okx	different-account	128-129	138-139	other-team-exchange-strategy	unreproduced-different-account	ko	web1440/mobile390	캡처 메타 상태에 따라 판정; 미재현은 누락/PASS로 승격하지 않음
Q47	거래소 연결과 플랜	연결된 계정 목록	/#/plan	different-account	130-131	140-141	other-team-exchange-strategy	unreproduced-different-account	ko	web1440/mobile390	캡처 메타 상태에 따라 판정; 미재현은 누락/PASS로 승격하지 않음
Q48	설정	일반	/#/settings/general	different-account	132	142	this-audit	unreproduced-different-account	ko	web1440/mobile390	캡처 메타 상태에 따라 판정; 미재현은 누락/PASS로 승격하지 않음
Q49	설정	계정	/#/settings/account	different-account	133	143-144	this-audit	unreproduced-different-account	ko	web1440/mobile390	캡처 메타 상태에 따라 판정; 미재현은 누락/PASS로 승격하지 않음
Q50	설정	알림	/#/settings/notify	different-account	134	145	this-audit	unreproduced-different-account	ko	web1440/mobile390	캡처 메타 상태에 따라 판정; 미재현은 누락/PASS로 승격하지 않음
Q51	설정	결제(이용 방식 없음)	/#/settings/billing	different-account	135	146-147	this-audit	unreproduced-different-account	ko	web1440/mobile390	캡처 메타 상태에 따라 판정; 미재현은 누락/PASS로 승격하지 않음
Q52	설정	결제(초대 계정)	/#/settings/billing	different-account	136	148	this-audit	unreproduced-different-account	ko	web1440/mobile390	캡처 메타 상태에 따라 판정; 미재현은 누락/PASS로 승격하지 않음
Q53	설정	결제(구독)	/#/settings/billing	different-account	137-142	149-150	this-audit	unreproduced-different-account	ko	web1440/mobile390	캡처 메타 상태에 따라 판정; 미재현은 누락/PASS로 승격하지 않음
Q54	설정	결제(구독과 초대 계정, 크레딧 차감)	/#/settings/billing	different-account	143	151-152	this-audit	unreproduced-different-account	ko	web1440/mobile390	캡처 메타 상태에 따라 판정; 미재현은 누락/PASS로 승격하지 않음
Q55	설정	결제(구독 해지됨)	/#/settings/billing	different-account	144	153	this-audit	unreproduced-different-account	ko	web1440/mobile390	캡처 메타 상태에 따라 판정; 미재현은 누락/PASS로 승격하지 않음
Q56	설정	결제(결제 실패)	/#/settings/billing	different-account	145	154	this-audit	unreproduced-different-account	ko	web1440/mobile390	캡처 메타 상태에 따라 판정; 미재현은 누락/PASS로 승격하지 않음
Q57	설정	사용량 20%	/#/settings/usage	different-account	146	155-156	this-audit	unreproduced-different-account	ko	web1440/mobile390	캡처 메타 상태에 따라 판정; 미재현은 누락/PASS로 승격하지 않음
Q58	설정	사용량 85%	/#/settings/usage	different-account	147	157	this-audit	unreproduced-different-account	ko	web1440/mobile390	캡처 메타 상태에 따라 판정; 미재현은 누락/PASS로 승격하지 않음
Q59	설정	사용량 100%	/#/settings/usage	different-account	148-153	158	this-audit	unreproduced-different-account	ko	web1440/mobile390	캡처 메타 상태에 따라 판정; 미재현은 누락/PASS로 승격하지 않음
Q60	설정	보안	/#/settings/security	different-account	154	159-160	this-audit	unreproduced-different-account	ko	web1440/mobile390	캡처 메타 상태에 따라 판정; 미재현은 누락/PASS로 승격하지 않음
Q61	연구 기록	비어 있음	/	unavailable	155-156	161-162	this-audit	unreproduced-unavailable	ko	web1440/mobile390	캡처 메타 상태에 따라 판정; 미재현은 누락/PASS로 승격하지 않음
Q62	연구 기록	기록 있음	/	unavailable	157-158	163-164	this-audit	unreproduced-unavailable	ko	web1440/mobile390	캡처 메타 상태에 따라 판정; 미재현은 누락/PASS로 승격하지 않음
A01	계정 프리셋	① 게스트	/#/settings/billing	different-account	159-164	165-166	this-audit	unreproduced-different-account	ko	web1440/mobile390	캡처 메타 상태에 따라 판정; 미재현은 누락/PASS로 승격하지 않음
A02	계정 프리셋	② 로그인만	/#/settings/billing	different-account	165	167	this-audit	unreproduced-different-account	ko	web1440/mobile390	캡처 메타 상태에 따라 판정; 미재현은 누락/PASS로 승격하지 않음
A03	계정 프리셋	③ 연결, 거래 0	/#/settings/billing	different-account	166	168	this-audit	unreproduced-different-account	ko	web1440/mobile390	캡처 메타 상태에 따라 판정; 미재현은 누락/PASS로 승격하지 않음
A04	계정 프리셋	④ 연결, 저거래	/#/settings/billing	different-account	167	169	this-audit	unreproduced-different-account	ko	web1440/mobile390	캡처 메타 상태에 따라 판정; 미재현은 누락/PASS로 승격하지 않음
A05	계정 프리셋	⑤ 연결, 고거래	/#/settings/billing	different-account	168	170	this-audit	unreproduced-different-account	ko	web1440/mobile390	캡처 메타 상태에 따라 판정; 미재현은 누락/PASS로 승격하지 않음
A06	계정 프리셋	⑥ 카드, AI 많이, 미연결	/#/settings/billing	different-account	169	171-172	this-audit	unreproduced-different-account	ko	web1440/mobile390	캡처 메타 상태에 따라 판정; 미재현은 누락/PASS로 승격하지 않음
A07	계정 프리셋	⑦ 카드, AI 적게, 미연결	/#/settings/billing	different-account	170	173	this-audit	unreproduced-different-account	ko	web1440/mobile390	캡처 메타 상태에 따라 판정; 미재현은 누락/PASS로 승격하지 않음
A08	계정 프리셋	⑧ 카드, 연결, AI 많이, 고거래	/#/settings/billing	different-account	171	174-175	this-audit	unreproduced-different-account	ko	web1440/mobile390	캡처 메타 상태에 따라 판정; 미재현은 누락/PASS로 승격하지 않음
A09	계정 프리셋	⑨ 카드, 연결, AI 많이, 저거래	/#/settings/billing	different-account	172-177	176	this-audit	unreproduced-different-account	ko	web1440/mobile390	캡처 메타 상태에 따라 판정; 미재현은 누락/PASS로 승격하지 않음
A10	계정 프리셋	⑩ 카드, 연결, AI 적게, 고거래	/#/settings/billing	different-account	178	177-178	this-audit	unreproduced-different-account	ko	web1440/mobile390	캡처 메타 상태에 따라 판정; 미재현은 누락/PASS로 승격하지 않음
A11	계정 프리셋	⑪ 카드, 연결, AI 적게, 저거래	/#/settings/billing	different-account	179-184	179-180	this-audit	unreproduced-different-account	ko	web1440/mobile390	캡처 메타 상태에 따라 판정; 미재현은 누락/PASS로 승격하지 않음
A12	계정 프리셋	⑫ 초대 회원, Bitget 1곳	/#/settings/billing	different-account	185	181	this-audit	unreproduced-different-account	ko	web1440/mobile390	캡처 메타 상태에 따라 판정; 미재현은 누락/PASS로 승격하지 않음
A13	계정 프리셋	⑬ 구독 회원, Bybit, 카드와 결제 내역	/#/settings/billing	different-account	186	182-183	this-audit	unreproduced-different-account	ko	web1440/mobile390	캡처 메타 상태에 따라 판정; 미재현은 누락/PASS로 승격하지 않음
A14	계정 프리셋	⑭ 두 곳 연결(Bitget 초대 + OKX 구독), 2단계 인증, 기기 2대	/#/settings/security	different-account	187	184-185	this-audit	unreproduced-different-account	ko	web1440/mobile390	캡처 메타 상태에 따라 판정; 미재현은 누락/PASS로 승격하지 않음
A15	계정 프리셋	⑮ 구독 만료, 카드 있음	/#/settings/billing	different-account	188	186	this-audit	unreproduced-different-account	ko	web1440/mobile390	캡처 메타 상태에 따라 판정; 미재현은 누락/PASS로 승격하지 않음
P01	공개 페이지	정보	/about/	same	189-196	187-197	this-audit	observed-differing-copy-and-layout	ko	web1440/mobile390	원본의 실제시장데이터/거래소실행 문구가 배포본의 연구·검증 문구로 변경됨; 원본 변경 승인 여부 확인 필요
P02	공개 페이지	앱 다운로드	/download/	same	197-199	198-202	this-audit	observed-differing-store-availability	ko	web1440/mobile390	원본 스토어 설치 링크가 배포본 준비중 상태로 변경됨; 실제 링크 가용성 정책 확인 필요
P03	공개 페이지	서비스 약관	/policies/#terms	same	200-204	203-209	this-audit	observed-comparable-no-major-difference-seen	ko	web1440/mobile390	검사한 상단/스크롤/하단에서 구조·본문의 중대한 차이 미관측; 자동 픽셀 PASS 아님
P04	공개 페이지	개인정보처리방침	/policies/#privacy	same	205-209	210-217	this-audit	observed-comparable-no-major-difference-seen	ko	web1440/mobile390	검사한 상단/스크롤/하단에서 구조·본문의 중대한 차이 미관측; 자동 픽셀 PASS 아님
X01	공통 화면	인사이트 홈	/#/insight	same	210-214	218-231	this-audit	observed-differing-feed-unavailable	ko	web1440/mobile390	배포본에 기사 피드 미연결 안내, 원본은 카드·기사 피드; 후속 스크롤은 대응 구간 없음
X02	공통 화면	인사이트 트렌딩	/#/insight/trending	same	215-219	232-245	this-audit	observed-differing-feed-unavailable	ko	web1440/mobile390	배포본에 기사 피드 미연결 안내, 원본은 트렌딩/카드 피드; 후속 스크롤은 대응 구간 없음
X03	공통 화면	도움말	/#/help	same	220	246	this-audit	observed-differing-help-copy-actions	ko	web1440/mobile390	기본 도움말은 재현되나 배포본에 FAQ/정책 링크가 추가되고 배치·카피가 다름
X04	공통 화면	로그인 창	/	same	221	247	this-audit	observed-differing-provider-availability	ko	web1440/mobile390	원본 Apple/이메일 입력 가능, 배포본은 준비중 비활성; 의도된 provider 가용성 경계일 수 있음
X05	공통 화면	언어·통화 선택	/	same	222	248	this-audit	mixed-web-observed-mobile-unreproduced	ko	web1440/mobile390	웹은 패널 재현; 모바일 배포측 패널이 열리지 않아 QA 상태 미재현
